<?xml version="1.0" encoding="UTF-8"?>
<!DOCTYPE configuration PUBLIC "-//mybatis.org//DTD Config 3.0//EN" 
						"http://mybatis.org/dtd/mybatis-3-config.dtd">
						
<configuration>

	<!-- 객체 alias 설정 -->
	<typeAliases>
		<typeAlias alias="board" type="com.springbook.biz.board.BoardDTO"/>
		<typeAlias alias="member" type="com.springbook.biz.member.MemberDTO"/>
	</typeAliases>
		
	<!-- SQL Mapper 파일 설정 -->
	<mappers>
		<mapper resource="mappings/board-mapping.xml"/>
		<mapper resource="mappings/member-mapping.xml"/>
	</mappers>

</configuration>