<?xml version="1.0" encoding="UTF-8"?>
<beans xmlns="http://www.springframework.org/schema/beans"
	xmlns:xsi="http://www.w3.org/2001/XMLSchema-instance"
	xmlns:context="http://www.springframework.org/schema/context"
	xmlns:mvc="http://www.springframework.org/schema/mvc"
	xsi:schemaLocation="http://www.springframework.org/schema/mvc http://www.springframework.org/schema/mvc/spring-mvc-4.3.xsd
		http://www.springframework.org/schema/beans http://www.springframework.org/schema/beans/spring-beans.xsd
		http://www.springframework.org/schema/context http://www.springframework.org/schema/context/spring-context-4.3.xsd">

	<!-- ##### 2. annotation 기반으로 Controller 영역의 처리 ##### -->
	<context:component-scan base-package="com.springbook.view"></context:component-scan>
	<mvc:annotation-driven></mvc:annotation-driven>
	
	<!-- 다국어 처리 -->
	<!-- 1. MessageSource 설정 : 다국어 처리 파일을 읽어들임 -->
	<bean id="messageSource" class="org.springframework.context.support.ResourceBundleMessageSource">
		<property name="basenames">
			<list>
				<value>message.messageSource</value>
			</list>
		</property>
	</bean>
	
	<!-- 2. LocaleResolver 등록 : http의 헤드에 포함된 locale 정보를 파악 -->
	<bean id="localeResolver" class="org.springframework.web.servlet.i18n.SessionLocaleResolver"></bean>
	
	<!-- 3. LocaleChangeInterceptor 등록 : 언어를 변화할 수 있도록 하는 역할 -->
	<mvc:interceptors>
		<bean class="org.springframework.web.servlet.i18n.LocaleChangeInterceptor">
			<property name="paramName" value="lang"></property>
		</bean>
	</mvc:interceptors>
	
	<!-- 예외 처리 : 1. Annotation 기반 -->
<!-- 	<mvc:annotation-driven></mvc:annotation-driven> -->
	
	<!-- 예외 처리 : 2. xml 기반 -->
<!-- 	<bean id="exceptionResolver" class="org.springframework.web.servlet.handler.SimpleMappingExceptionResolver">
		<property name="exceptionMappings">
			<props>
				<prop key="java.lang.IllegalArgumentException">common/illegalArgumentError.jsp</prop>
				<prop key="java.lang.NullPointerException">common/nullPointerError.jsp</prop>
			</props>
		</property>
		<property name="defaultErrorView" value="common/error.jsp"></property>
	</bean> -->
	
	<!-- 파일 업로드 설정 -->
	<!-- 파일업로드 최대크기: 2MB로 설정, 최대크기를 정하지 않으면 무제한 -->
	<bean id="multipartResolver" class="org.springframework.web.multipart.commons.CommonsMultipartResolver">
		<property name="maxUploadSize" value="2000000"></property>
	</bean>

	<!-- ##### 1. xml 기반으로 Controller 영역의 처리 ##### -->

	<!-- Spring에서 제공하는 HandlerMapping 클래스를 사용 -->
	<!-- HandlerMapping 등록 -->
<!-- 	<bean class="org.springframework.web.servlet.handler.SimpleUrlHandlerMapping">
		<property name="mappings">
			<props>
				<prop key="/login.do">login</prop>
				<prop key="/logout.do">logout</prop>
				<prop key="/getBoardList.do">getBoardList</prop>
				<prop key="/getBoard.do">getBoard</prop>
				<prop key="/insertBoard.do">insertBoard</prop>
				<prop key="/updateBoard.do">updateBoard</prop>
				<prop key="/deleteBoard.do">deleteBoard</prop>
			</props>
		</property>
	</bean> -->
	
	<!-- Controller 등록 -->
<!-- 	<bean id="login" class="com.springbook.view.member.LoginController"></bean>
	<bean id="logout" class="com.springbook.view.member.LogoutController"></bean>
	<bean id="getBoardList" class="com.springbook.view.board.GetBoardListController"></bean>
	<bean id="getBoard" class="com.springbook.view.board.GetBoardController"></bean>
	<bean id="insertBoard" class="com.springbook.view.board.InsertBoardController"></bean>
	<bean id="updateBoard" class="com.springbook.view.board.UpdateBoardController"></bean>
	<bean id="deleteBoard" class="com.springbook.view.board.DeleteBoardController"></bean> -->
	
	<!-- Spring에서 제공하는 ViewResolver 클래스를 사용 -->
	<!-- ViewResolver 등록 -->
<!-- 	<bean id="viewResolver" class="org.springframework.web.servlet.view.InternalResourceViewResolver">
	 	<property name="prefix" value="/WEB-INF/board/"></property>
	 	<property name="suffix" value=".jsp"></property>
	</bean> -->
	
</beans>
